0,0
1,0
2,0
3,0
4,0
5,0
6,0
7,0
8,0
9,62.48
10,128.38
11,180.62
12,184.8
13,155.4
14,94.67
15,21.8
16,0
17,0
18,0
19,0
20,0
21,0
22,0
23,0
0,0
1,0
2,0
3,0
4,0
5,0
6,0
7,0
8,0
9,57.38
10,118.85
11,163.4
12,175.02
13,148.3
14,90.05
15,21.4
16,0
17,0
18,0
19,0
20,0
21,0
22,0
23,0
0,0
1,0
2,0
3,0
4,0
5,0
6,0
7,0
8,0
9,66.62
10,140.36
11,179.92
12,197.73
13,168.77
14,106
15,27.05
16,0
17,0
18,0
19,0
20,0
21,0
22,0
23,0
0,0
1,0
2,0
3,0
4,0
5,0
6,0
7,0
8,0
9,63.33
10,126.38
11,173.58
12,206.58
13,176.35
14,113.08
15,30.92
16,0
17,0
18,0
19,0
20,0
21,0
22,0
23,0
0,0
1,0
2,0
3,0
4,0
5,0
6,0
7,0
8,4.52
9,67.73
10,147
11,197.33
12,197.15
13,170.12
14,107.33
15,29.15
16,0
17,0
18,0
19,0
20,0
21,0
22,0
23,0
0,0
1,0
2,0
3,0
4,0
5,0
6,0
7,0
8,4.1
9,61.58
10,146.18
11,187.7
12,199.62
13,171.85
14,109.62
15,31.02
16,0
17,0
18,0
19,0
20,0
21,0
22,0
23,0
0,0
1,0
2,0
3,0
4,0
5,0
6,0
7,0
8,4.48
9,60.88
10,136.45
11,186.55
12,222.23
13,191.83
14,126.38
15,39.75
16,0
17,0
18,0
19,0
20,0
21,0
22,0
23,0
0,0
1,0
2,0
3,0
4,0
5,0
6,0
7,0
8,5.3
9,68.77
10,146.38
11,192.83
12,204.85
13,171.92
14,109.9
15,35.62
16,0
17,0
18,0
19,0
20,0
21,0
22,0
23,0
0,0
1,0
2,0
3,0
4,0
5,0
6,0
7,0
8,5.45
9,68.88
10,148.25
11,198.77
12,222.1
13,193.35
14,128.62
15,43.67
16,0
17,0
18,0
19,0
20,0
21,0
22,0
23,0
0,0
1,0
2,0
3,0
4,0
5,0
6,0
7,0
8,6.8
9,79.27
10,164.4
11,219.8
12,235.58
13,208.6
14,141.88
15,51.8
16,0
17,0
18,0
19,0
20,0
21,0
22,0
23,0
0,0
1,0
2,0
3,0
4,0
5,0
6,0
7,0
8,8.05
9,85.15
10,170.85
11,225.27
12,238.6
13,210.38
14,143.73
15,54.55
16,0
17,0
18,0
19,0
20,0
21,0
22,0
23,0
0,0
1,0
2,0
3,0
4,0
5,0
6,0
7,0
8,7.85
9,81.73
10,165.02
11,207.45
12,229.85
13,200.9
14,134.88
15,50.52
16,0
17,0
18,0
19,0
20,0
21,0
22,0
23,0
0,0
1,0
2,0
3,0
4,0
5,0
6,0
7,0
8,6.52
9,68.2
10,142.55
11,190.9
12,201.55
13,172.8
14,110.4
15,40.92
16,0
17,0
18,0
19,0
20,0
21,0
22,0
23,0
0,0
1,0
2,0
3,0
4,0
5,0
6,0
7,0
8,8.15
9,76.73
10,154.62
11,205.12
12,219.35
13,195.42
14,134.6
15,55.05
16,0
17,0
18,0
19,0
20,0
21,0
22,0
23,0
0,0
1,0
2,0
3,0
4,0
5,0
6,0
7,0
8,8.62
9,79.42
10,158.77
11,209.88
12,223.1
13,195.9
14,134
15,56.62
16,0
17,0
18,0
19,0
20,0
21,0
22,0
23,0
0,0
1,0
2,0
3,0
4,0
5,0
6,0
7,0
8,8.95
9,79.35
10,158.77
11,211.95
12,254.1
13,229.23
14,161.55
15,73.1
16,0
17,0
18,0
19,0
20,0
21,0
22,0
23,0
0,0
1,0
2,0
3,0
4,0
5,0
6,0
7,0
8,9.35
9,74.88
10,176.35
11,212.98
12,240.48
13,224.52
14,162.2
15,79.27
16,0
17,0
18,0
19,0
20,0
21,0
22,0
23,0
0,0
1,0
2,0
3,0
4,0
5,0
6,0
7,0
8,13.77
9,101.55
10,189.55
11,245.42
12,260.38
13,232.77
14,166.75
15,73.62
16,4.5
17,0
18,0
19,0
20,0
21,0
22,0
23,0
0,0
1,0
2,0
3,0
4,0
5,0
6,0
7,0
8,11.9
9,87.45
10,169.4
11,224.2
12,239.08
13,213.23
14,152.75
15,67.88
16,4.55
17,0
18,0
19,0
20,0
21,0
22,0
23,0
0,0
1,0
2,0
3,0
4,0
5,0
6,0
7,0
8,13.73
9,96.17
10,186.84
11,238.8
12,260.85
13,232.27
14,165.92
15,74.83
16,5.55
17,0
18,0
19,0
20,0
21,0
22,0
23,0
0,0
1,0
2,0
3,0
4,0
5,0
6,0
7,0
8,16.3
9,104.8
10,192.83
11,249.6
12,268.45
13,242.05
14,177.17
15,84.23
16,7.2
17,0
18,0
19,0
20,0
21,0
22,0
23,0
0,0
1,0
2,0
3,0
4,0
5,0
6,0
7,0
8,17.83
9,105.95
10,191.35
11,245.17
12,257.77
13,222.85
14,155.52
15,70.38
16,6.48
17,0
18,0
19,0
20,0
21,0
22,0
23,0
0,0
1,0
2,0
3,0
4,0
5,0
6,0
7,0
8,18.2
9,110.8
10,206.52
11,247.07
12,294.65
13,269.88
14,201.9
15,102.25
16,11.12
17,0
18,0
19,0
20,0
21,0
22,0
23,0
0,0
1,0
2,0
3,0
4,0
5,0
6,0
7,0
8,25.25
9,127.62
10,219.88
11,277.12
12,283.2
13,254.17
14,187.3
15,92.7
16,10.33
17,0
18,0
19,0
20,0
21,0
22,0
23,0
0,0
1,0
2,0
3,0
4,0
5,0
6,0
7,0
8,26.23
9,129.25
10,223.38
11,284.35
12,305.08
13,279.6
14,210.9
15,110.83
16,14.45
17,0
18,0
19,0
20,0
21,0
22,0
23,0
0,0
1,0
2,0
3,0
4,0
5,0
6,0
7,0
8,26.48
9,124.52
10,216.9
11,259.8
12,298.15
13,267.45
14,198.33
15,102.48
16,13.25
17,0
18,0
19,0
20,0
21,0
22,0
23,0
0,0
1,0
2,0
3,0
4,0
5,0
6,0
7,0
8,28.1
9,130.58
10,224.9
11,286.02
12,284.8
13,267.77
14,203.35
15,107.62
16,15.02
17,0
18,0
19,0
20,0
21,0
22,0
23,0
0,0
1,0
2,0
3,0
4,0
5,0
6,0
7,0
8,23.4
9,109.25
10,195.25
11,253.98
12,291.02
13,266.33
14,199.1
15,102.1
16,15.08
17,0
18,0
19,0
20,0
21,0
22,0
23,0
0,0
1,0
2,0
3,0
4,0
5,0
6,0
7,0
8,27.98
9,117.12
10,200.08
11,252.38
12,264.52
13,239.98
14,181.8
15,96.38
16,15.67
17,0
18,0
19,0
20,0
21,0
22,0
23,0
0,0
1,0
2,0
3,0
4,0
5,0
6,0
7,0
8,35.33
9,138.65
10,232.52
11,293.75
12,316.67
13,291.23
14,223.65
15,123.95
16,22.1
17,0
18,0
19,0
20,0
21,0
22,0
23,0
0,0
1,0
2,0
3,0
4,0
5,0
6,0
7,0
8,37.83
9,141.85
10,236.2
11,296.45
12,326.8
13,293.05
14,217.9
15,117.17
16,22.02
17,0
18,0
19,0
20,0
21,0
22,0
23,0
0,0
1,0
2,0
3,0
4,0
5,0
6,0
7,0
8,45.9
9,157.17
10,255.15
11,317.15
12,325.73
13,305.95
14,238.73
15,138.8
16,29.52
17,0
18,0
19,0
20,0
21,0
22,0
23,0
0,0
1,0
2,0
3,0
4,0
5,0
6,0
7,0
8,51.88
9,165.77
10,263.85
11,325.45
12,345.9
13,318.6
14,249.55
15,146
16,33.05
17,0
18,0
19,0
20,0
21,0
22,0
23,0
0,0
1,0
2,0
3,0
4,0
5,0
6,0
7,0
8,58.77
9,173.83
10,271.83
11,332.77
12,331.42
13,307.92
14,242.23
15,140.5
16,32.12
17,0
18,0
19,0
20,0
21,0
22,0
23,0
0,0
1,0
2,0
3,0
4,0
5,0
6,0
7,0
8,54.05
9,161.4
10,259.3
11,322.88
12,339.9
13,316.38
14,247.62
15,145.8
16,36.75
17,0
18,0
19,0
20,0
21,0
22,0
23,0
0,0
1,0
2,0
3,0
4,0
5,0
6,0
7,0
8,62.33
9,175.9
10,273.98
11,335.83
12,347.23
13,319.1
14,252.1
15,153
16,41.92
17,0
18,0
19,0
20,0
21,0
22,0
23,0
0,0
1,0
2,0
3,0
4,0
5,0
6,0
7,0
8,73.83
9,189.6
10,288.52
11,349.75
12,363.95
13,337.67
14,268.65
15,164.45
16,47.38
17,0
18,0
19,0
20,0
21,0
22,0
23,0
0,0
1,0
2,0
3,0
4,0
5,0
6,0
7,0
8,83.75
9,202.35
10,303
11,366.5
12,386.05
13,359.2
14,289.52
15,182.62
16,58.5
17,0
18,0
19,0
20,0
21,0
22,0
23,0
0,0
1,0
2,0
3,0
4,0
5,0
6,0
7,0
8,89.6
9,84.33
10,307.65
11,371.1
12,390.1
13,363.65
14,291.95
15,185.17
16,61.77
17,0
18,0
19,0
20,0
21,0
22,0
23,0
0,0
1,0
2,0
3,0
4,0
5,0
6,0
7,0
8,98.12
9,146.08
10,326.58
11,391.65
12,410.95
13,382.45
14,308.9
15,192
16,67.17
17,0
18,0
19,0
20,0
21,0
22,0
23,0
0,0
1,0
2,0
3,0
4,0
5,0
6,0
7,4.48
8,87.98
9,209.73
10,308.35
11,369.25
12,359.67
13,334.62
14,266.45
15,165.85
16,54.8
17,0
18,0
19,0
20,0
21,0
22,0
23,0
0,0
1,0
2,0
3,0
4,0
5,0
6,0
7,4.1
8,73.9
9,184.33
10,278.27
11,337.38
12,360.25
13,330.45
14,262.98
15,162.77
16,56.35
17,0
18,0
19,0
20,0
21,0
22,0
23,0
0,0
1,0
2,0
3,0
4,0
5,0
6,0
7,4.35
8,64.98
9,167.98
10,265.45
11,327.05
12,347.75
13,320.23
14,257.88
15,162.88
16,61.73
17,0
18,0
19,0
20,0
21,0
22,0
23,0
0,0
1,0
2,0
3,0
4,0
5,0
6,0
7,6.12
8,83.23
9,194.73
10,290.08
11,351.05
12,337
13,314.95
14,253.45
15,159.83
16,61.4
17,0
18,0
19,0
20,0
21,0
22,0
23,0
0,0
1,0
2,0
3,0
4,0
5,0
6,0
7,6.7
8,87.75
9,208.05
10,308.02
11,371.58
12,347.73
13,334.5
14,278.95
15,183.62
16,78.1
17,0
18,0
19,0
20,0
21,0
22,0
23,0
0,0
1,0
2,0
3,0
4,0
5,0
6,0
7,8.33
8,91.95
9,205.77
10,298.1
11,354.48
12,379.52
13,350.85
14,281.27
15,180.55
16,77.45
17,0
18,0
19,0
20,0
21,0
22,0
23,0
0,0
1,0
2,0
3,0
4,0
5,0
6,0
7,9.98
8,99.6
9,216.55
10,313.67
11,374.75
12,404.1
13,377.02
14,307.9
15,204
16,83.17
17,4.58
18,0
19,0
20,0
21,0
22,0
23,0
0,0
1,0
2,0
3,0
4,0
5,0
6,0
7,11.73
8,96.35
9,225.17
10,324.3
11,394.77
12,420.25
13,391.38
14,330.05
15,221.88
16,94.35
17,5.83
18,0
19,0
20,0
21,0
22,0
23,0
0,0
1,0
2,0
3,0
4,0
5,0
6,0
7,9.35
8,64.95
9,141.38
10,216.12
11,268.83
12,356.5
13,330.2
14,263.1
15,168.42
16,68.27
17,5.45
18,0
19,0
20,0
21,0
22,0
23,0
0,0
1,0
2,0
3,0
4,0
5,0
6,0
7,15.58
8,116.12
9,238.2
10,339.17
11,402.42
12,414.17
13,387.75
14,317.75
15,213.33
16,92.33
17,7.02
18,0
19,0
20,0
21,0
22,0
23,0
0,0
1,0
2,0
3,0
4,0
5,0
6,0
7,16.3
8,111.08
9,226.38
10,323.55
11,385.83
12,393.35
13,368.42
14,303.33
15,205.85
16,92.35
17,8.27
18,0
19,0
20,0
21,0
22,0
23,0
0,0
1,0
2,0
3,0
4,0
5,0
6,0
7,26.67
8,152.98
9,282.75
10,384
11,448.88
12,459.6
13,431.62
14,360.55
15,252.1
16,120.95
17,12.27
18,0
19,0
20,0
21,0
22,0
23,0
0,0
1,0
2,0
3,0
4,0
5,0
6,0
7,29.67
8,159.65
9,291.15
10,393.83
11,456.92
12,471.35
13,442.25
14,367.3
15,255.75
16,122.8
17,13
18,0
19,0
20,0
21,0
22,0
23,0
0,0
1,0
2,0
3,0
4,0
5,0
6,0
7,30.15
8,153.65
9,282.95
10,386.45
11,451
12,463.45
13,437.88
14,363.73
15,253.38
16,122.08
17,13.85
18,0
19,0
20,0
21,0
22,0
23,0
0,0
1,0
2,0
3,0
4,0
5,0
6,0
7,33.35
8,158.9
9,287.35
10,389.42
11,453.35
12,443.38
13,416.5
14,350.62
15,248.85
16,122.08
17,14.98
18,0
19,0
20,0
21,0
22,0
23,0
0,0
1,0
2,0
3,0
4,0
5,0
6,0
7,40.85
8,175.05
9,306.7
10,409.92
11,473.6
12,469.98
13,440.75
14,368.58
15,259.08
16,128.23
17,16.95
18,0
19,0
20,0
21,0
22,0
23,0
0,0
1,0
2,0
3,0
4,0
5,0
6,0
7,35.15
8,153
9,275.77
10,374
11,434.17
12,466.55
13,434.05
14,356.7
15,243.08
16,114.42
17,15.3
18,0
19,0
20,0
21,0
22,0
23,0
0,0
1,0
2,0
3,0
4,0
5,0
6,0
7,40.48
8,160.83
9,289.75
10,392.02
11,454.73
12,479.6
13,452.33
14,382.38
15,273.77
16,142.1
17,22.75
18,0
19,0
20,0
21,0
22,0
23,0
0,0
1,0
2,0
3,0
4,0
5,0
6,0
7,61.98
8,204.92
9,339.27
10,437.35
11,505.42
12,516.2
13,490.58
14,413.8
15,298.95
16,152.85
17,29.95
18,0
19,0
20,0
21,0
22,0
23,0
0,0
1,0
2,0
3,0
4,0
5,0
6,0
7,64.3
8,202.58
9,333.4
10,434.05
11,494.83
12,497.92
13,463.38
14,393.33
15,285.15
16,152.77
17,28.2
18,0
19,0
20,0
21,0
22,0
23,0
0,0
1,0
2,0
3,0
4,0
5,0
6,0
7,64.25
8,197.83
9,328.4
10,430.58
11,491.6
12,502
13,469.77
14,394.83
15,284.8
16,155.3
17,31.27
18,0
19,0
20,0
21,0
22,0
23,0
0,0
1,0
2,0
3,0
4,0
5,0
6,0
7,83.3
8,219.02
9,358.92
10,469.25
11,524.12
12,547.2
13,508.92
14,438.35
15,317.23
16,167.02
17,39.4
18,0
19,0
20,0
21,0
22,0
23,0
0,0
1,0
2,0
3,0
4,0
5,0
6,0
7,80.88
8,218.52
9,339.15
10,408.1
11,504.02
12,499.75
13,461.77
14,415.75
15,296.55
16,129.98
17,37.05
18,0
19,0
20,0
21,0
22,0
23,0
0,0
1,0
2,0
3,0
4,0
5,0
6,0
7,84.52
8,219.7
9,351.75
10,454
11,515.92
12,488.45
13,459.83
14,383.95
15,272.92
16,143.58
17,29.67
18,0
19,0
20,0
21,0
22,0
23,0
0,0
1,0
2,0
3,0
4,0
5,0
6,0
7,62.25
8,166.35
9,289.65
10,394.6
11,464.42
12,489.73
13,463.33
14,383.77
15,283.35
16,161.73
17,40.05
18,0
19,0
20,0
21,0
22,0
23,0
0,0
1,0
2,0
3,0
4,0
5,0
6,3.95
7,87.52
8,231.8
9,365.85
10,468.6
11,530.35
12,529.12
13,495.3
14,418.12
15,302.12
16,168.4
17,41.92
18,0
19,0
20,0
21,0
22,0
23,0
0,0
1,0
2,0
3,0
4,0
5,0
6,4.67
7,84.2
8,216.4
9,343.77
10,447.15
11,509.83
12,523.02
13,483.55
14,405.92
15,302.38
16,175.75
17,48.2
18,0
19,0
20,0
21,0
22,0
23,0
0,0
1,0
2,0
3,0
4,0
5,0
6,5.73
7,94
8,235.8
9,366.25
10,468.3
11,525.58
12,551.48
13,518.5
14,440.38
15,325.6
16,191.75
17,55.7
18,0
19,0
20,0
21,0
22,0
23,0
0,0
1,0
2,0
3,0
4,0
5,0
6,7
7,96.23
8,234.1
9,366.45
10,471.55
11,532.88
12,538.2
13,500.92
14,423.4
15,308.67
16,173.05
17,50.58
18,0
19,0
20,0
21,0
22,0
23,0
0,0
1,0
2,0
3,0
4,0
5,0
6,9.15
7,111.67
8,256.17
9,387.38
10,487.98
11,546.83
12,579.7
13,543.75
14,463.52
15,346.5
16,204.15
17,64.05
18,0
19,0
20,0
21,0
22,0
23,0
0,0
1,0
2,0
3,0
4,0
5,0
6,10.58
7,115.33
8,264.67
9,397.92
10,498.6
11,559.83
12,573.33
13,539.45
14,461.25
15,346.45
16,208.45
17,67.77
18,0
19,0
20,0
21,0
22,0
23,0
0,0
1,0
2,0
3,0
4,0
5,0
6,13.73
7,130.3
8,278.48
9,413
10,513.15
11,574.65
12,577.95
13,547.58
14,470.4
15,355.62
16,215.25
17,76.83
18,0
19,0
20,0
21,0
22,0
23,0
0,0
1,0
2,0
3,0
4,0
5,0
6,16.02
7,136.17
8,285.73
9,421.4
10,526.05
11,583.8
12,584.88
13,561.23
14,489.27
15,376.17
16,236.02
17,92.85
18,0
19,0
20,0
21,0
22,0
23,0
0,0
1,0
2,0
3,0
4,0
5,0
6,18.6
7,140.52
8,286.25
9,415.83
10,513.45
11,570.4
12,581.62
13,542.42
14,457.05
15,337.02
16,200.38
17,74.12
18,0
19,0
20,0
21,0
22,0
23,0
0,0
1,0
2,0
3,0
4,0
5,0
6,21.3
7,148.67
8,297.83
9,428.65
10,533.1
11,592.23
12,619.02
13,590.33
14,513.35
15,395.58
16,249.02
17,101.55
18,0
19,0
20,0
21,0
22,0
23,0
0,0
1,0
2,0
3,0
4,0
5,0
6,27.65
7,165.17
8,316.85
9,451.25
10,552.67
11,611.8
12,614.08
13,577.7
14,496.4
15,377.7
16,233.05
17,86.3
18,3.83
19,0
20,0
21,0
22,0
23,0
0,0
1,0
2,0
3,0
4,0
5,0
6,25.4
7,151.95
8,298.23
9,427.52
10,527.48
11,586.48
12,598.85
13,566.05
14,489.6
15,375.77
16,235.8
17,90.88
18,4.55
19,0
20,0
21,0
22,0
23,0
0,0
1,0
2,0
3,0
4,0
5,0
6,24.45
7,135.38
8,272.05
9,406.7
10,502.15
11,553.77
12,584.05
13,537.48
14,449.73
15,329.3
16,192.95
17,72.27
18,4.45
19,0
20,0
21,0
22,0
23,0
0,0
1,0
2,0
3,0
4,0
5,0
6,25.98
7,134.7
8,282.85
9,405.35
10,509.5
11,580.45
12,579.3
13,546.17
14,468.33
15,352.17
16,223.45
17,77.5
18,5.42
19,0
20,0
21,0
22,0
23,0
0,0
1,0
2,0
3,0
4,0
5,0
6,28.52
7,142.73
8,279.92
9,409.45
10,508.98
11,542.8
12,548.27
13,508.7
14,428.2
15,316.05
16,188.52
17,70.25
18,5.25
19,0
20,0
21,0
22,0
23,0
0,0
1,0
2,0
3,0
4,0
5,0
6,26.2
7,129.88
8,260.83
9,409.08
10,522
11,589.45
12,605.9
13,572.95
14,492.73
15,373.08
16,231.77
17,92.98
18,7.55
19,0
20,0
21,0
22,0
23,0
0,0
1,0
2,0
3,0
4,0
5,0
6,45.95
7,180.12
8,320.27
9,444.12
10,531.2
11,588.08
12,565.25
13,537.92
14,463.98
15,351.42
16,216.5
17,85
18,7.73
19,0
20,0
21,0
22,0
23,0
0,0
1,0
2,0
3,0
4,0
5,0
6,40.02
7,160.92
8,305.2
9,426.27
10,519.42
11,563.83
12,583.45
13,532.52
14,461.15
15,352.9
16,227.75
17,98.3
18,9.48
19,0
20,0
21,0
22,0
23,0
0,0
1,0
2,0
3,0
4,0
5,0
6,46.85
7,177.33
8,323.2
9,454.27
10,532.15
11,585.92
12,609.88
13,581.52
14,478.98
15,405.1
16,266.2
17,119.85
18,12.38
19,0
20,0
21,0
22,0
23,0
0,0
1,0
2,0
3,0
4,0
5,0
6,64.7
7,210.02
8,361.48
9,492.55
10,581.75
11,613.45
12,633.9
13,582.25
14,522.88
15,403.52
16,260.4
17,113.98
18,12.15
19,0
20,0
21,0
22,0
23,0
0,0
1,0
2,0
3,0
4,0
5,0
6,47.62
7,160.4
8,301.77
9,436.27
10,542.77
11,607.92
12,575.9
13,550.15
14,479.95
15,361.27
16,227.73
17,100.77
18,12.62
19,0
20,0
21,0
22,0
23,0
0,0
1,0
2,0
3,0
4,0
5,0
6,82.73
7,231.55
8,383.73
9,514.92
10,612.62
11,667.52
12,649.33
13,614.3
14,527.77
15,412.55
16,273.45
17,125.92
18,16.23
19,0
20,0
21,0
22,0
23,0
0,0
1,0
2,0
3,0
4,0
5,0
6,95
7,246.38
8,401.5
9,531.38
10,625.77
11,690.42
12,698.7
13,662.62
14,580.58
15,460.4
16,312.73
17,153.6
18,21.83
19,0
20,0
21,0
22,0
23,0
0,0
1,0
2,0
3,0
4,0
5,0
6,87.05
7,225.7
8,373.77
9,503.17
10,599.95
11,656.33
12,644.75
13,612.4
14,535.95
15,422.27
16,282.38
17,134.6
18,19.55
19,0
20,0
21,0
22,0
23,0
0,0
1,0
2,0
3,0
4,0
5,3.3
6,74.77
7,228.42
8,389.92
9,530.83
10,637.4
11,698.12
12,703.58
13,672.7
14,591.9
15,471.95
16,325.02
17,166.35
18,28.15
19,0
20,0
21,0
22,0
23,0
0,0
1,0
2,0
3,0
4,0
5,5.48
6,101.73
7,260.1
8,416.2
9,548.55
10,644.33
11,696.42
12,689.95
13,645.62
14,562.62
15,447.5
16,306.3
17,157.25
18,27.35
19,0
20,0
21,0
22,0
23,0
0,0
1,0
2,0
3,0
4,0
5,6.65
6,107.38
7,264.35
8,416.25
9,541.3
10,635.27
11,685.25
12,692.62
13,642.48
14,551.67
15,431.67
16,291.27
17,143.6
18,25.48
19,0
20,0
21,0
22,0
23,0
0,0
1,0
2,0
3,0
4,0
5,7.38
6,105.85
7,259.27
8,416.77
9,551.08
10,651.15
11,705.17
12,697.15
13,655.38
14,567.38
15,446.75
16,299.67
17,146
18,25.8
19,0
20,0
21,0
22,0
23,0
0,0
1,0
2,0
3,0
4,0
5,6.33
6,74.35
7,198.2
8,336.42
9,467.12
10,566.12
11,620.85
12,622.75
13,577.75
14,503.7
15,394.7
16,262.48
17,130.02
18,26.17
19,0
20,0
21,0
22,0
23,0
0,0
1,0
2,0
3,0
4,0
5,10.6
6,121.3
7,280.75
8,436.15
9,568.9
10,667.02
11,693.08
12,717.4
13,681.3
14,599.27
15,479.27
16,331.45
17,173.33
18,36.23
19,0
20,0
21,0
22,0
23,0
0,0
1,0
2,0
3,0
4,0
5,8.23
6,81.73
7,200.38
8,334.17
9,455.85
10,555.85
11,627.83
12,652.83
13,610.17
14,520.38
15,391.45
16,254.23
17,123.55
18,26.58
19,0
20,0
21,0
22,0
23,0
0,0
1,0
2,0
3,0
4,0
5,14.02
6,125.67
7,281.65
8,440.65
9,573.6
10,671.05
11,726.38
12,723.98
13,685.8
14,602.42
15,482.77
16,337.42
17,181.52
18,43.58
19,0
20,0
21,0
22,0
23,0
0,0
1,0
2,0
3,0
4,0
5,17.23
6,139.33
7,296.77
8,448.65
9,578.35
10,673.12
11,725.65
12,704.67
13,670.77
14,587.58
15,462.9
16,314.27
17,168.77
18,44.5
19,0
20,0
21,0
22,0
23,0
0,0
1,0
2,0
3,0
4,0
5,20.2
6,147.2
7,307.4
8,461.12
9,592.58
10,688.65
11,743
12,735.02
13,695.42
14,612.17
15,491.77
16,344.5
17,186.8
18,48.95
19,0
20,0
21,0
22,0
23,0
0,0
1,0
2,0
3,0
4,0
5,21.4
6,147.38
7,304.6
8,455.88
9,584.67
10,679.35
11,732.17
12,701.7
13,662.02
14,579.9
15,459
16,320.58
17,171.98
18,46.6
19,0
20,0
21,0
22,0
23,0
0,0
1,0
2,0
3,0
4,0
5,21.25
6,139.95
7,293.85
8,444.75
9,573.45
10,667.75
11,718.48
12,700.33
13,670.45
14,591.95
15,474.2
16,328.27
17,175.58
18,48.42
19,0
20,0
21,0
22,0
23,0
0,0
1,0
2,0
3,0
4,0
5,19.33
6,114.58
7,251.75
8,398.27
9,526.92
10,623.58
11,679.15
12,707.7
13,671.65
14,591.73
15,473.05
16,329.17
17,178.33
18,51.8
19,0
20,0
21,0
22,0
23,0
0,0
1,0
2,0
3,0
4,0
5,23.75
6,134.15
7,282.25
8,429.23
9,554.75
10,645.98
11,695.92
12,684.8
13,651.25
14,572.27
15,454.33
16,311.58
17,166.08
18,50.62
19,0
20,0
21,0
22,0
23,0
0,0
1,0
2,0
3,0
4,0
5,26.75
6,141.48
7,289.45
8,438.7
9,569.9
10,622.23
11,705.58
12,702.05
13,687.1
14,615.52
15,501.52
16,361.02
17,208.23
18,70.73
19,0
20,0
21,0
22,0
23,0
0,0
1,0
2,0
3,0
4,0
5,35.75
6,169.25
7,327.6
8,479.38
9,608.77
10,703.77
11,728.95
12,728.38
13,682.3
14,615.2
15,446.8
16,293.48
17,187.58
18,75.02
19,0
20,0
21,0
22,0
23,0
0,0
1,0
2,0
3,0
4,0
5,38.52
6,170.15
7,323.45
8,469.62
9,592.25
10,680.3
11,728.6
12,715.73
13,666.73
14,590.7
15,500.75
16,373.52
17,227.73
18,90.08
19,0
20,0
21,0
22,0
23,0
0,0
1,0
2,0
3,0
4,0
5,48.05
6,190.25
7,353.77
8,509.85
9,638.6
10,732.25
11,783.67
12,778.4
13,739.1
14,657.55
15,538.6
16,393.02
17,234.83
18,92.1
19,0
20,0
21,0
22,0
23,0
0,0
1,0
2,0
3,0
4,0
5,52.92
6,195.67
7,354.95
8,505.35
9,633.3
10,727.6
11,780.4
12,782.75
13,744.52
14,661.1
15,540.75
16,393.23
17,233.45
18,92.85
19,0
20,0
21,0
22,0
23,0
0,0
1,0
2,0
3,0
4,0
5,56.12
6,200.08
7,361.83
8,514.02
9,643.17
10,737.83
11,790.35
12,791.23
13,752.9
14,671.62
15,553.83
16,332.2
17,250.52
18,96.9
19,5.2
20,0
21,0
22,0
23,0
0,0
1,0
2,0
3,0
4,0
5,66.15
6,214.67
7,376.95
8,530.05
9,658.1
10,751.75
11,802.45
12,803.23
13,764.8
14,683.48
15,565.58
16,420.4
17,260.75
18,104.65
19,6.42
20,0
21,0
22,0
23,0
0,0
1,0
2,0
3,0
4,0
5,70.05
6,216.42
7,377.08
8,527.23
9,653.25
10,743.65
11,793.12
12,789.65
13,740.42
14,658.17
15,545.38
16,407.27
17,250.25
18,99.02
19,6.4
20,0
21,0
22,0
23,0
0,0
1,0
2,0
3,0
4,0
5,72.42
6,216.88
7,377.23
8,526.88
9,652.55
10,743.98
11,738.35
12,789.05
13,748.38
14,616.17
15,481.27
16,378.67
17,219.6
18,95.52
19,6.45
20,0
21,0
22,0
23,0
0,0
1,0
2,0
3,0
4,0
5,64.85
6,197.83
7,354.45
8,502.8
9,630.58
10,723.12
11,773.25
12,764.95
13,723.1
14,637.77
15,517.3
16,372.42
17,219.27
18,81.95
19,6.08
20,0
21,0
22,0
23,0
0,0
1,0
2,0
3,0
4,0
5,48.48
6,151.6
7,289.95
8,428.88
9,534.65
10,624.75
11,665.38
12,684.75
13,645.3
14,561.33
15,444.8
16,310.25
17,176.3
18,66.08
19,6.15
20,0
21,0
22,0
23,0
0,0
1,0
2,0
3,0
4,0
5,59.88
6,173.85
7,311.42
8,445.02
9,560.8
10,648.55
11,704.2
12,765
13,729.8
14,649.83
15,533.98
16,391.23
17,237.88
18,96.92
19,6.85
20,0
21,0
22,0
23,0
0,0
1,0
2,0
3,0
4,0
5,83.52
6,214.42
7,366.77
8,507.7
9,629.52
10,716.67
11,763.23
12,778.75
13,732.98
14,655.8
15,537.52
16,392.95
17,238.05
18,95.95
19,9.23
20,0
21,0
22,0
23,0
0,0
1,0
2,0
3,0
4,3.5
5,70.62
6,205.65
7,360.85
8,507.88
9,628.3
10,713.08
11,770.27
12,772.08
13,729.77
14,644.92
15,520.17
16,368.23
17,212.83
18,82.83
19,8.9
20,0
21,0
22,0
23,0
0,0
1,0
2,0
3,0
4,3.8
5,61.25
6,184.77
7,340.67
8,492.77
9,619.4
10,709.27
11,769.3
12,793.48
13,758.88
14,677.77
15,559.55
16,413.98
17,256.52
18,107.12
19,11.92
20,0
21,0
22,0
23,0
0,0
1,0
2,0
3,0
4,4.23
5,62.83
6,176.98
7,322.55
8,470.62
9,594.52
10,680.65
11,724.08
12,729.67
13,693.8
14,619.65
15,514.62
16,380.48
17,234.77
18,101.35
19,13
20,0
21,0
22,0
23,0
0,0
1,0
2,0
3,0
4,5.83
5,78.65
6,208.6
7,356.17
8,502.2
9,630.73
10,720.4
11,778.52
12,792.9
13,750.27
14,668.83
15,553.75
16,414.33
17,263.83
18,121.08
19,15.77
20,0
21,0
22,0
23,0
0,0
1,0
2,0
3,0
4,6.9
5,89.08
6,230.65
7,388.23
8,537.73
9,662.65
10,759.3
11,808.88
12,796.23
13,752.67
14,665.6
15,547.52
16,408.23
17,260.98
18,120.92
19,17.25
20,0
21,0
22,0
23,0
0,0
1,0
2,0
3,0
4,8.62
5,101.7
6,248.15
7,400.83
8,545.42
9,668.1
10,755.48
11,803.67
12,800.92
13,754
14,661.38
15,537.52
16,392.55
17,246.58
18,110.65
19,17.02
20,0
21,0
22,0
23,0
0,0
1,0
2,0
3,0
4,9.6
5,103.58
6,248.45
7,408.7
8,559.08
9,684.4
10,776
11,825.25
12,817.35
13,769.6
14,683.95
15,565.08
16,419.38
17,259.38
18,113.48
19,16.67
20,0
21,0
22,0
23,0
0,0
1,0
2,0
3,0
4,7.9
5,76.48
6,195.5
7,339.35
8,482.15
9,605.9
10,698.95
11,753.95
12,793.2
13,759.38
14,678.33
15,562.98
16,420.48
17,268.1
18,123.98
19,20.17
20,0
21,0
22,0
23,0
0,0
1,0
2,0
3,0
4,9.9
5,92.2
6,223.9
7,370.12
8,509.73
9,627.25
10,712.2
11,755.2
12,780.12
13,737.55
14,658.05
15,546.92
16,410.35
17,262.73
18,123.05
19,20.25
20,0
21,0
22,0
23,0
0,0
1,0
2,0
3,0
4,9.1
5,68.33
6,165.2
7,280.85
8,395.73
9,498.23
10,597.75
11,722.55
12,778.85
13,742.5
14,665.3
15,552.45
16,411.23
17,261.9
18,121.8
19,21.75
20,0
21,0
22,0
23,0
0,0
1,0
2,0
3,0
4,11.8
5,92.92
6,219.6
7,363.77
8,505.55
9,624
10,709.27
11,757.73
12,656.6
13,622.25
14,570.17
15,465.15
16,332.9
17,194.35
18,86.8
19,17.92
20,0
21,0
22,0
23,0
0,0
1,0
2,0
3,0
4,12.2
5,88.15
6,207.5
7,346.98
8,482.08
9,590.73
10,663.92
11,695.73
12,766.67
13,725.42
14,648.33
15,537.7
16,399.92
17,252.38
18,117.27
19,24.3
20,0
21,0
22,0
23,0
0,0
1,0
2,0
3,0
4,12.65
5,82.02
6,193.02
7,335.58
8,485.55
9,633.4
10,719.02
11,774.88
12,807.73
13,763.2
14,677.3
15,558.6
16,419.38
17,272.15
18,131.02
19,27.6
20,0
21,0
22,0
23,0
0,0
1,0
2,0
3,0
4,16.3
5,113.98
6,254.48
7,406.42
8,548.7
9,668.05
10,754.05
11,800.27
12,784.23
13,743.8
14,661.67
15,545.15
16,405.3
17,255.98
18,119.48
19,25.17
20,0
21,0
22,0
23,0
0,0
1,0
2,0
3,0
4,15.05
5,100.38
6,231.98
7,369.92
8,505
9,624.83
10,722.62
11,772.48
12,812.02
13,763.67
14,676.88
15,563.88
16,428
17,279.17
18,138.55
19,31.67
20,0
21,0
22,0
23,0
0,0
1,0
2,0
3,0
4,19.12
5,121.48
6,262.05
7,413.17
8,555.6
9,677.35
10,762.85
11,808.62
12,813.92
13,771.5
14,689.3
15,573.5
16,433.08
17,281.5
18,134.58
19,31.7
20,0
21,0
22,0
23,0
0,0
1,0
2,0
3,0
4,17.77
5,102.35
6,224.65
7,369.7
8,513.45
9,645.52
10,743.05
11,798.77
12,815
13,774.45
14,695.52
15,581.42
16,444.62
17,295.05
18,150
19,38.4
20,0
21,0
22,0
23,0
0,0
1,0
2,0
3,0
4,22.9
5,125.2
6,261.8
7,420.5
8,573.45
9,696.1
10,783.77
11,831.1
12,833.8
13,790.62
14,709.77
15,596.25
16,455.95
17,307.92
18,164.1
19,28.4
20,0
21,0
22,0
23,0
0,0
1,0
2,0
3,0
4,25.95
5,135.42
6,280.4
7,435.5
8,579.95
9,701.1
10,786.15
11,829.83
12,845.75
13,804.4
14,722.5
15,606.3
16,459.3
17,294.05
18,149.62
19,40.58
20,0
21,0
22,0
23,0
0,0
1,0
2,0
3,0
4,21.62
5,111.58
6,240.4
7,379.75
8,516.15
9,635.95
10,726.8
11,782.23
12,808.5
13,765.8
14,690.95
15,591.08
16,456.1
17,305.3
18,158.33
19,45.02
20,0
21,0
22,0
23,0
0,0
1,0
2,0
3,0
4,26.85
5,130.67
6,271.55
7,420.58
8,564.02
9,685
10,772.98
11,819.67
12,828.85
13,782.62
14,698.73
15,585.05
16,450
17,307.02
18,162.9
19,49.3
20,0
21,0
22,0
23,0
0,0
1,0
2,0
3,0
4,28.42
5,131.48
6,276.48
7,432.92
8,580
9,705.42
10,793.27
11,841.23
12,838.35
13,789.25
14,715.42
15,604.25
16,469.27
17,322.33
18,176.65
19,56.4
20,0
21,0
22,0
23,0
0,0
1,0
2,0
3,0
4,29.92
5,135.77
6,274.98
7,419.58
8,536.5
9,669
10,760.67
11,804.48
12,835.7
13,792.05
14,705.33
15,586.65
16,447.58
17,299.02
18,153.7
19,46.55
20,0
21,0
22,0
23,0
0,0
1,0
2,0
3,0
4,21.08
5,94.23
6,217.95
7,371.27
8,532.23
9,667.83
10,755.1
11,810.58
12,816.02
13,777.3
14,704.25
15,594.88
16,464.98
17,318.77
18,173.83
19,58.8
20,0
21,0
22,0
23,0
0,0
1,0
2,0
3,0
4,29.5
5,121.85
6,252.42
7,403.25
8,553.02
9,673.1
10,765.23
11,810.98
12,832.48
13,792.02
14,711.35
15,601.95
16,463.77
17,312.65
18,167.4
19,55
20,0
21,0
22,0
23,0
0,0
1,0
2,0
3,0
4,30.73
5,127.8
6,264.35
7,413.98
8,566.33
9,684.77
10,765.65
11,811.88
12,825.12
13,785.7
14,706.1
15,592.95
16,456.5
17,307.38
18,166.6
19,57.92
20,0
21,0
22,0
23,0
0,0
1,0
2,0
3,0
4,38.9
5,151.6
6,291.85
7,441.62
8,584.48
9,711.83
10,800.05
11,847.25
12,837.25
13,800.02
14,722.55
15,610.65
16,470.5
17,317.3
18,168.38
19,60.65
20,0
21,0
22,0
23,0
0,0
1,0
2,0
3,0
4,39.3
5,152.85
6,293.17
7,445.48
8,589.7
9,708
10,794.15
11,848.35
12,848
13,810.45
14,732.62
15,617.77
16,480.77
17,335.83
18,188.67
19,71.83
20,0
21,0
22,0
23,0
0,0
1,0
2,0
3,0
4,44.83
5,163.58
6,311
7,463.75
8,606.48
9,726.2
10,813.58
11,862.17
12,866.73
13,830.27
14,755.42
15,645.7
16,510.25
17,360.2
18,197.35
19,48.05
20,4.08
21,0
22,0
23,0
0,0
1,0
2,0
3,0
4,49.55
5,171.17
6,319.08
7,426.15
8,606.67
9,724.77
10,813.77
11,846.9
12,824.12
13,814.35
14,733.88
15,561.6
16,473.08
17,344.4
18,195.77
19,69
20,3.92
21,0
22,0
23,0
0,0
1,0
2,0
3,0
4,41.77
5,152.17
6,294.58
7,444.45
8,584.23
9,701.92
10,788.3
11,835.77
12,834.83
13,799.52
14,724.7
15,616.3
16,482.77
17,335.2
18,177.45
19,62.77
20,4.2
21,0
22,0
23,0
0,0
1,0
2,0
3,0
4,42.7
5,147.8
6,282.15
7,425.45
8,560.75
9,673.45
10,754.45
11,797.42
12,830.92
13,790.77
14,712.1
15,600.2
16,465.02
17,318.4
18,176.77
19,61.08
20,3.98
21,0
22,0
23,0
0,0
1,0
2,0
3,0
4,39.33
5,140.5
6,275.35
7,419.48
8,556
9,626.95
10,728.75
11,792.77
12,831.38
13,749.42
14,713
15,612.58
16,472.85
17,320.52
18,174.48
19,59.33
20,4.1
21,0
22,0
23,0
0,0
1,0
2,0
3,0
4,28.33
5,94.02
6,189.88
7,311.98
8,441.77
9,556.6
10,639.33
11,686.52
12,777.95
13,734.83
14,655.67
15,542.92
16,411.98
17,273.52
18,149
19,53.33
20,4.23
21,0
22,0
23,0
0,0
1,0
2,0
3,0
4,38.17
5,134.05
6,268
7,415.42
8,557.42
9,678.95
10,768.83
11,820.23
12,821.6
13,787
14,712.48
15,604.45
16,472.2
17,327.98
18,187
19,68.62
20,5.23
21,0
22,0
23,0
0,0
1,0
2,0
3,0
4,45.88
5,153.33
6,292.48
7,438.3
8,576.17
9,692.08
10,777.95
11,826.35
12,829.1
13,790.98
14,713.88
15,592.92
16,440.8
17,309.88
18,183.2
19,66.17
20,5.33
21,0
22,0
23,0
0,0
1,0
2,0
3,0
4,40.8
5,139.08
6,273.8
7,418.65
8,555.62
9,671.4
10,757.55
11,805.92
12,849.05
13,812.73
14,737.38
15,628.35
16,494.67
17,347.7
18,201.9
19,76.62
20,6.35
21,0
22,0
23,0
0,0
1,0
2,0
3,0
4,46.4
5,150.38
6,287.88
7,434.52
8,574.9
9,694.65
10,783.62
11,835.23
12,836.62
13,814.75
14,737.52
15,629.7
16,496.12
17,350.15
18,201.88
19,70.58
20,7.08
21,0
22,0
23,0
0,0
1,0
2,0
3,0
4,52.08
5,162.83
6,303.42
7,450.15
8,565.23
9,658.92
10,791
11,838.92
12,838.67
13,785.65
14,729.48
15,566.75
16,397.67
17,270.3
18,200.4
19,77.1
20,6.6
21,0
22,0
23,0
0,0
1,0
2,0
3,0
4,50.92
5,160.17
6,301.12
7,449.9
8,587.83
9,704.5
10,789.3
11,835.88
12,843.77
13,805.02
14,727.75
15,617.02
16,482.23
17,336.17
18,193.58
19,73.95
20,7.02
21,0
22,0
23,0
0,0
1,0
2,0
3,0
4,51.65
5,161.33
6,302.02
7,448.9
8,586.02
9,702.62
10,788.15
11,802.05
12,830.4
13,793.88
14,718.23
15,608.05
16,473.1
17,326.9
18,185.62
19,69.9
20,6.95
21,0
22,0
23,0
0,0
1,0
2,0
3,0
4,46.5
5,142.77
6,274.88
7,421.67
8,567.67
9,693.58
10,789.83
11,844
12,834.55
13,801.27
14,730.98
15,630.02
16,503.83
17,363
18,220.05
19,91.7
20,9.5
21,0
22,0
23,0
0,0
1,0
2,0
3,0
4,63.67
5,178.98
6,320.45
7,468.83
8,617.2
9,735.38
10,821.3
11,869.45
12,867.35
13,832.67
14,757.62
15,648.77
16,515.12
17,368
18,142.02
19,90.75
20,9.4
21,0
22,0
23,0
0,0
1,0
2,0
3,0
4,59.75
5,175.05
6,318.02
7,465.77
8,602.9
9,664.7
10,793.75
11,799.4
12,848.25
13,775.95
14,742.27
15,632.88
16,498.67
17,351.25
18,205.38
19,80.73
20,8.25
21,0
22,0
23,0
0,0
1,0
2,0
3,0
4,55.2
5,167.8
6,311.6
7,462.58
8,603.88
9,725.58
10,816.15
11,868
12,860.5
13,829.95
14,756.77
15,649.88
16,517.33
17,370.4
18,222.8
19,92.38
20,9.9
21,0
22,0
23,0
0,0
1,0
2,0
3,0
4,57.7
5,170.2
6,311.67
7,420.95
8,574.33
9,691.52
10,740.05
11,823.62
12,833.08
13,823.33
14,745.9
15,632.73
16,459.02
17,307.35
18,164.55
19,87.2
20,9.02
21,0
22,0
23,0
0,0
1,0
2,0
3,0
4,38.12
5,120.55
6,237.65
7,406.1
8,535.02
9,645.2
10,729.12
11,751.25
12,783.2
13,727.4
14,651.75
15,582.62
16,332.48
17,233.58
18,177.83
19,67.4
20,7.45
21,0
22,0
23,0
0,0
1,0
2,0
3,0
4,38.1
5,122.75
6,244.35
7,379.7
8,511.62
9,600.88
10,664.7
11,733.38
12,779.65
13,756.58
14,684.65
15,580.12
16,450.5
17,315.02
18,175.75
19,71.27
20,7.9
21,0
22,0
23,0
0,0
1,0
2,0
3,0
4,40.52
5,129.08
6,251.9
7,385.3
8,512.52
9,621.6
10,701.7
11,744.62
12,762.35
13,722.05
14,646.17
15,539.58
16,414.4
17,281.6
18,157.38
19,60.58
20,7.55
21,0
22,0
23,0
0,0
1,0
2,0
3,0
4,37.98
5,120.3
6,238.12
7,364.23
8,487.23
9,588.38
10,664.42
11,698.5
12,729.08
13,686.9
14,603.75
15,493.6
16,380.15
17,259.98
18,152.48
19,62.7
20,8.4
21,0
22,0
23,0
0,0
1,0
2,0
3,0
4,34.9
5,103.45
6,200.9
7,312.85
8,415.2
9,524.12
10,636.88
11,689.9
12,773.27
13,744.12
14,676.05
15,573.17
16,433.92
17,301.88
18,174.4
19,70.42
20,8.65
21,0
22,0
23,0
0,0
1,0
2,0
3,0
4,48.85
5,155.73
6,297.02
7,444.2
8,581.95
9,698.95
10,785.7
11,836.25
12,828
13,799.4
14,730.12
15,626.5
16,497.17
17,353.45
18,209.73
19,85.33
20,9.92
21,0
22,0
23,0
0,0
1,0
2,0
3,0
4,49.67
5,155.52
6,293.4
7,438.85
8,574.95
9,691.58
10,777.98
11,826.6
12,797.25
13,761.12
14,687.08
15,582.2
16,454.88
17,315.83
18,181.23
19,70.83
20,8.55
21,0
22,0
23,0
0,0
1,0
2,0
3,0
4,42.7
5,139.2
6,270.33
7,413.5
8,548.23
9,663.4
10,750.08
11,799.62
12,796.4
13,759.17
14,688.15
15,582.98
16,454.62
17,313.75
18,179.33
19,71.58
20,8.7
21,0
22,0
23,0
0,0
1,0
2,0
3,0
4,42.83
5,140.5
6,273.88
7,418.27
8,556.73
9,675.1
10,763
11,813.2
12,807.52
13,776.38
14,706.98
15,604
16,476.6
17,336.23
18,197.73
19,79.9
20,9.58
21,0
22,0
23,0
0,0
1,0
2,0
3,0
4,46.65
5,150.25
6,287.27
7,433.27
8,570.6
9,688.05
10,775.2
11,824.8
12,827.95
13,793.8
14,720.25
15,613.05
16,480.85
17,336.02
18,194.27
19,76.55
20,9.17
21,0
22,0
23,0
0,0
1,0
2,0
3,0
4,41.42
5,137.6
6,268.92
7,411.12
8,547.58
9,664.9
10,753.25
11,804.35
12,807.33
13,778.92
14,711.1
15,565.67
16,427.55
17,307.05
18,202.9
19,82.55
20,9.62
21,0
22,0
23,0
0,0
1,0
2,0
3,0
4,44.27
5,146.62
6,280.85
7,423.52
8,558.8
9,674.17
10,759.52
11,795.48
12,779.8
13,791.4
14,717.8
15,610.38
16,478.38
17,333.83
18,192.05
19,73.98
20,8.3
21,0
22,0
23,0
0,0
1,0
2,0
3,0
4,31.25
5,104.17
6,206.4
7,320.88
8,425.92
9,514.92
10,582
11,608.17
12,766.92
13,724.48
14,637.7
15,526.98
16,390.42
17,253.4
18,138.92
19,55.8
20,7.17
21,0
22,0
23,0
0,0
1,0
2,0
3,0
4,30.38
5,102.2
6,202.92
7,306.2
8,416.12
9,519.05
10,607.3
11,649.5
12,808.23
13,762.23
14,680.45
15,569.4
16,436.3
17,298.1
18,168.35
19,64.77
20,7.8
21,0
22,0
23,0
0,0
1,0
2,0
3,0
4,32.75
5,115.12
6,233.42
7,367.88
8,499.52
9,614.45
10,694.3
11,742.35
12,776.5
13,749.7
14,682.5
15,582.85
16,458.45
17,320.02
18,191.02
19,78.95
20,9.12
21,0
22,0
23,0
0,0
1,0
2,0
3,0
4,40.9
5,144.3
6,280.45
7,424.17
8,560.4
9,676.85
10,761.25
11,805.65
12,791
13,754.23
14,680.12
15,574.23
16,445.1
17,305.73
18,172.8
19,66.23
20,7.6
21,0
22,0
23,0
0,0
1,0
2,0
3,0
4,31
5,110.17
6,222.73
7,352.23
8,484
9,599.73
10,689.4
11,744.23
12,782.85
13,751.58
14,680.55
15,574.55
16,440.52
17,296.88
18,171.88
19,66.7
20,7.8
21,0
22,0
23,0
0,0
1,0
2,0
3,0
4,36.4
5,134.55
6,265.55
7,407.95
8,539.9
9,657.23
10,747.98
11,790.15
12,799.1
13,760.83
14,683.2
15,573.4
16,455.58
17,312.65
18,178.62
19,69.15
20,7.48
21,0
22,0
23,0
0,0
1,0
2,0
3,0
4,29.55
5,112.4
6,229.8
7,359.55
8,490.67
9,596.05
10,677.58
11,717.33
12,745.67
13,705.6
14,628.08
15,526.05
16,417.62
17,302.05
18,175.67
19,69.45
20,7.48
21,0
22,0
23,0
0,0
1,0
2,0
3,0
4,35.45
5,134.95
6,266
7,406.73
8,540.65
9,655.1
10,738.55
11,783.27
12,805.3
13,767.77
14,690.08
15,579.42
16,449.25
17,309.05
18,174.92
19,66.95
20,6.85
21,0
22,0
23,0
0,0
1,0
2,0
3,0
4,31.2
5,124.88
6,248.42
7,387.65
8,531.8
9,647.6
10,733.6
11,783.77
12,797.67
13,782.8
14,712.92
15,571.88
16,473.58
17,330.33
18,152.9
19,73.85
20,7.27
21,0
22,0
23,0
0,0
1,0
2,0
3,0
4,28.83
5,117.23
6,242.12
7,358.6
8,510.95
9,630.02
10,712.25
11,755.38
12,728.75
13,690.83
14,621.35
15,520.5
16,400.58
17,270.48
18,149.25
19,56.35
20,6.08
21,0
22,0
23,0
0,0
1,0
2,0
3,0
4,27.48
5,114.58
6,240.52
7,377.85
8,508.35
9,621.27
10,699.15
11,745.77
12,762.08
13,737.38
14,672.77
15,578.1
16,457.7
17,318.7
18,180.05
19,66.92
20,6.38
21,0
22,0
23,0
0,0
1,0
2,0
3,0
4,22.85
5,90.75
6,189.38
7,312.65
8,448.6
9,567.73
10,670.25
11,741.5
12,795.48
13,768.75
14,702.05
15,598.9
16,469.85
17,326.33
18,185.55
19,68.7
20,6.1
21,0
22,0
23,0
0,0
1,0
2,0
3,0
4,24.15
5,108.45
6,230.23
7,367.98
8,502.48
9,618.95
10,705.15
11,755.08
12,775
13,744.23
14,672.42
15,564.65
16,431
17,285.88
18,151.77
19,55.1
20,5.23
21,0
22,0
23,0
0,0
1,0
2,0
3,0
4,23.25
5,106.67
6,225.17
7,356.95
8,487.62
9,603.62
10,690.6
11,741.23
12,780.92
13,746.05
14,673.88
15,568.38
16,438.38
17,298.3
18,164.98
19,59.1
20,5.08
21,0
22,0
23,0
0,0
1,0
2,0
3,0
4,21.85
5,103.85
6,225.08
7,368.7
8,506.85
9,625.08
10,716.58
11,768.98
12,809.92
13,781.4
14,711.35
15,606.5
16,474.42
17,329.6
18,185.9
19,65.88
20,5.33
21,0
22,0
23,0
0,0
1,0
2,0
3,0
4,18.75
5,83.52
6,182.3
7,301.75
8,423.73
9,535.02
10,615.6
11,662.62
12,732.83
13,702.05
14,632
15,529.95
16,404.73
17,268.12
18,141.65
19,49.08
20,4.12
21,0
22,0
23,0
0,0
1,0
2,0
3,0
4,19.25
5,93.4
6,209.95
7,346.8
8,480.3
9,597.33
10,684.23
11,736.52
12,786.08
13,754.3
14,679.7
15,570.98
16,443.3
17,304.35
18,168.4
19,58.17
20,4.27
21,0
22,0
23,0
0,0
1,0
2,0
3,0
4,19.7
5,102.77
6,224.4
7,361.45
8,496.62
9,613.6
10,701.67
11,751.88
12,766.02
13,732.15
14,656.98
15,546.75
16,414.05
17,275.98
18,146.98
19,50.7
20,3.77
21,0
22,0
23,0
0,0
1,0
2,0
3,0
4,18.05
5,98.45
6,224.95
7,364.35
8,502.5
9,625.98
10,723.58
11,787.92
12,805.7
13,778.15
14,656.42
15,574.58
16,450.27
17,311.98
18,184.8
19,64.25
20,4.1
21,0
22,0
23,0
0,0
1,0
2,0
3,0
4,21.17
5,118.65
6,252.95
7,397.95
8,536.65
9,656.17
10,745.65
11,797.75
12,784.55
13,749.6
14,675.6
15,568.58
16,438.65
17,297.65
18,162.42
19,55.2
20,3.38
21,0
22,0
23,0
0,0
1,0
2,0
3,0
4,19.1
5,111.67
6,232.92
7,379.77
8,520.67
9,657.02
10,747.23
11,795.35
12,803.5
13,776.95
14,712.83
15,606.52
16,472.17
17,324.2
18,178.8
19,58.77
20,3.15
21,0
22,0
23,0
0,0
1,0
2,0
3,0
4,17.73
5,108.92
6,232.38
7,378.5
8,528.55
9,652.73
10,745.73
11,798.75
12,799.58
13,766.7
14,692.7
15,582.08
16,444.6
17,295.3
18,153.83
19,53.62
20,0
21,0
22,0
23,0
0,0
1,0
2,0
3,0
4,16.12
5,104.55
6,235.15
7,376.67
8,512.62
9,629.92
10,715.7
11,764.35
12,765.55
13,734.98
14,664.65
15,557.77
16,423.23
17,279.7
18,150.55
19,54.33
20,0
21,0
22,0
23,0
0,0
1,0
2,0
3,0
4,14.12
5,94.92
6,220.8
7,364.52
8,504.98
9,626.77
10,718.65
11,773.88
12,763.5
13,734
14,662.4
15,557.15
16,427.65
17,287.08
18,152.83
19,51.95
20,0
21,0
22,0
23,0
0,0
1,0
2,0
3,0
4,13.42
5,96.05
6,224.12
7,368.12
8,508.05
9,628.62
10,718.9
11,771.3
12,776.17
13,744.12
14,671.2
15,563.48
16,430.5
17,286.35
18,150
19,49.02
20,0
21,0
22,0
23,0
0,0
1,0
2,0
3,0
4,10.9
5,77.08
6,185.48
7,314.08
8,443.52
9,557.4
10,642.5
11,691
12,758.23
13,720.7
14,643.92
15,534.33
16,361.38
17,265.5
18,136.88
19,43.5
20,0
21,0
22,0
23,0
0,0
1,0
2,0
3,0
4,9.2
5,67.38
6,163.6
7,280.6
8,403.15
9,512.85
10,598.75
11,650.2
12,743.75
13,701.88
14,621
15,508.65
16,375.9
17,236.73
18,110.25
19,32.4
20,0
21,0
22,0
23,0
0,0
1,0
2,0
3,0
4,7.05
5,53.4
6,135.17
7,245.48
8,375.75
9,500.42
10,594.83
11,654.02
12,742.75
13,707.85
14,635.25
15,530.12
16,401.45
17,263.92
18,134.58
19,39.1
20,0
21,0
22,0
23,0
0,0
1,0
2,0
3,0
4,8.65
5,75.62
6,193.02
7,328.17
8,473.9
9,596.12
10,692.27
11,757.7
12,758.48
13,724.48
14,649.98
15,541.08
16,408.38
17,266.05
18,133.55
19,37.12
20,0
21,0
22,0
23,0
0,0
1,0
2,0
3,0
4,7.38
5,64.83
6,172.88
7,309.27
8,446.55
9,577.85
10,671.77
11,735.02
12,753.12
13,725.52
14,655.1
15,549.77
16,421.67
17,281.88
18,145
19,39.25
20,0
21,0
22,0
23,0
0,0
1,0
2,0
3,0
4,8.2
5,83.35
6,213.55
7,362.8
8,508.5
9,634.6
10,728.95
11,784.5
12,797.45
13,767.15
14,694.6
15,586.88
16,453.6
17,307.2
18,162.65
19,44.58
20,0
21,0
22,0
23,0
0,0
1,0
2,0
3,0
4,7.73
5,82.1
6,205.65
7,351.92
8,492.75
9,617.17
10,706.1
11,757.17
12,765.48
13,736.67
14,664.1
15,556.67
16,427.62
17,291.33
18,82.5
19,22.38
20,0
21,0
22,0
23,0
0,0
1,0
2,0
3,0
4,6.4
5,71.7
6,191.52
7,323.52
8,465.65
9,596.92
10,693.75
11,749.85
12,754.7
13,714.58
14,641.42
15,532.17
16,406.08
17,267.67
18,135.08
19,32.83
20,0
21,0
22,0
23,0
0,0
1,0
2,0
3,0
4,6.48
5,83.08
6,214.45
7,362.7
8,502.95
9,628.42
10,719.73
11,771.6
12,766.42
13,732.5
14,656.9
15,546.35
16,410.27
17,263.83
18,127.4
19,29.1
20,0
21,0
22,0
23,0
0,0
1,0
2,0
3,0
4,5.92
5,83.27
6,215.08
7,356.98
8,500.73
9,626.85
10,722.35
11,773.55
12,772.95
13,738.7
14,664.95
15,554.5
16,415.6
17,267.12
18,130.58
19,29.08
20,0
21,0
22,0
23,0
0,0
1,0
2,0
3,0
4,5.17
5,79.1
6,200.3
7,350.17
8,504.75
9,628.83
10,721.12
11,773.38
12,759.12
13,724.27
14,646.98
15,531.92
16,386.12
17,239.23
18,112.27
19,24.45
20,0
21,0
22,0
23,0
0,0
1,0
2,0
3,0
4,3.98
5,64.3
6,184.27
7,326.23
8,416.23
9,590.17
10,682.12
11,735.58
12,776.15
13,744.15
14,670.25
15,560.25
16,361.02
17,272.48
18,129.42
19,25.2
20,0
21,0
22,0
23,0
0,0
1,0
2,0
3,0
4,3.55
5,65.35
6,189.45
7,334.33
8,415.05
9,599.98
10,690.83
11,742.7
12,756.17
13,718.02
14,640.75
15,530.38
16,396.1
17,251.67
18,116.65
19,21.1
20,0
21,0
22,0
23,0
0,0
1,0
2,0
3,0
4,2.85
5,57.75
6,175.77
7,317.15
8,456.7
9,578.08
10,668.6
11,719.98
12,690.83
13,653.4
14,571.77
15,465.88
16,338.8
17,205.75
18,90.85
19,16.4
20,0
21,0
22,0
23,0
0,0
1,0
2,0
3,0
4,0
5,62.77
6,176.33
7,319.25
8,462.67
9,585.55
10,679.12
11,735.42
12,718.92
13,682.58
14,606.25
15,497.1
16,364.58
17,223.48
18,97.33
19,15.65
20,0
21,0
22,0
23,0
0,0
1,0
2,0
3,0
4,0
5,52.92
6,159.38
7,304.4
8,456.6
9,585.98
10,682.25
11,738.17
12,744.1
13,712.05
14,639.85
15,533.08
16,399.62
17,253.45
18,115.27
19,17.52
20,0
21,0
22,0
23,0
0,0
1,0
2,0
3,0
4,0
5,56.95
6,165.92
7,307.88
8,451.17
9,573.9
10,675.15
11,730.8
12,730.62
13,688.12
14,610.4
15,494.38
16,359.23
17,221.05
18,96.83
19,14.25
20,0
21,0
22,0
23,0
0,0
1,0
2,0
3,0
4,0
5,50.17
6,154.55
7,279.42
8,407.88
9,528.98
10,618.1
11,674.05
12,722.85
13,689.02
14,617.5
15,509.23
16,377.05
17,235.27
18,104.02
19,14.3
20,0
21,0
22,0
23,0
0,0
1,0
2,0
3,0
4,0
5,55.08
6,173.1
7,319.2
8,468.1
9,599.17
10,693.55
11,747.45
12,745.88
13,711.75
14,636.23
15,526.25
16,390.52
17,243.2
18,105.52
19,13.33
20,0
21,0
22,0
23,0
0,0
1,0
2,0
3,0
4,0
5,53.35
6,172
7,311.88
8,449.7
9,571.1
10,659.45
11,707.92
12,731.7
13,695.3
14,617.7
15,503.45
16,364.33
17,219.27
18,89.9
19,10.55
20,0
21,0
22,0
23,0
0,0
1,0
2,0
3,0
4,0
5,35.75
6,132.55
7,264.52
8,402.77
9,525.88
10,619.2
11,671.62
12,698.27
13,655.35
14,564.88
15,439.33
16,296.2
17,159.3
18,64.12
19,8.12
20,0
21,0
22,0
23,0
0,0
1,0
2,0
3,0
4,0
5,50.6
6,171.9
7,315.62
8,457.65
9,560.8
10,655.48
11,687.85
12,720.45
13,671.67
14,594.33
15,483.4
16,347.08
17,195.7
18,80
19,8.65
20,0
21,0
22,0
23,0
0,0
1,0
2,0
3,0
4,0
5,42.45
6,158.02
7,299.52
8,441.1
9,564.7
10,657.2
11,710.77
12,722.15
13,684.9
14,606.23
15,493.9
16,357.88
17,212.4
18,81.17
19,7.25
20,0
21,0
22,0
23,0
